{"cameraMode":{"drawMode":0,"name":"Shaded","section":"Shading Mode"},"sceneLighting":true,"audioPlay":false,"sceneViewState":{"showFog":false,"showMaterialUpdate":false,"showSkybox":false,"showFlares":false,"showImageEffects":false,"showParticleSystems":false},"in2DMode":false,"pivot":{"x":-7.154224872589111,"y":3.071979522705078,"z":-13.940872192382813},"rotation":{"x":-0.2692493796348572,"y":0.2635346055030823,"z":-0.07694773375988007,"w":-0.9231612682342529},"size":10.284196853637696,"orthographic":false}