{"cameraMode":{"drawMode":0,"name":"Shaded","section":"Shading Mode"},"sceneLighting":true,"audioPlay":false,"sceneViewState":{"showFog":false,"showMaterialUpdate":false,"showSkybox":false,"showFlares":false,"showImageEffects":false,"showParticleSystems":false},"in2DMode":false,"pivot":{"x":1.7424888610839844,"y":-0.8113538026809692,"z":-4.4636077880859379},"rotation":{"x":0.03295829892158508,"y":0.9670430421829224,"z":-0.17778068780899049,"w":0.17927132546901704},"size":4.174015522003174,"orthographic":false}