{"cameraMode":{"drawMode":0,"name":"Shaded","section":"Shading Mode"},"sceneLighting":true,"audioPlay":false,"sceneViewState":{"showFog":true,"showMaterialUpdate":false,"showSkybox":true,"showFlares":true,"showImageEffects":true,"showParticleSystems":true},"in2DMode":false,"pivot":{"x":584.0562744140625,"y":94.72093200683594,"z":31.98082733154297},"rotation":{"x":0.07045091688632965,"y":-0.39565569162368777,"z":0.030431395396590234,"w":0.9153098464012146},"size":98.95011901855469,"orthographic":false}