{"cameraMode":{"drawMode":0,"name":"Shaded","section":"Shading Mode"},"sceneLighting":true,"audioPlay":false,"sceneViewState":{"showFog":true,"showMaterialUpdate":false,"showSkybox":true,"showFlares":true,"showImageEffects":true,"showParticleSystems":true},"in2DMode":false,"pivot":{"x":6.450035095214844,"y":87.27987670898438,"z":-30.292030334472658},"rotation":{"x":-0.3733002841472626,"y":-0.08665180951356888,"z":0.035022445023059848,"w":-0.9230495691299439},"size":12.321732521057129,"orthographic":false}