{"cameraMode":{"drawMode":0,"name":"Shaded","section":"Shading Mode"},"sceneLighting":true,"audioPlay":false,"sceneViewState":{"showFog":true,"showMaterialUpdate":false,"showSkybox":true,"showFlares":true,"showImageEffects":true,"showParticleSystems":true},"in2DMode":false,"pivot":{"x":-1.299545168876648,"y":-0.05718493461608887,"z":-1.917129635810852},"rotation":{"x":-0.034479569643735889,"y":0.961764395236969,"z":-0.1438811719417572,"w":-0.23047634959220887},"size":2.8298399448394777,"orthographic":false}