{"cameraMode":{"drawMode":0,"name":"Shaded","section":"Shading Mode"},"sceneLighting":true,"audioPlay":false,"sceneViewState":{"showFog":true,"showMaterialUpdate":false,"showSkybox":true,"showFlares":true,"showImageEffects":true,"showParticleSystems":true},"in2DMode":false,"pivot":{"x":-2.13718581199646,"y":1.2483272552490235,"z":-1.7335894107818604},"rotation":{"x":0.14513859152793885,"y":0.7403317093849182,"z":-0.1694451868534088,"w":0.6341462135314941},"size":0.86892169713974,"orthographic":false}