{"cameraMode":{"drawMode":0,"name":"Shaded","section":"Shading Mode"},"sceneLighting":true,"audioPlay":false,"sceneViewState":{"showFog":true,"showMaterialUpdate":false,"showSkybox":true,"showFlares":true,"showImageEffects":true,"showParticleSystems":true},"in2DMode":false,"pivot":{"x":2.0893983840942385,"y":-0.17292582988739015,"z":-3.5584869384765627},"rotation":{"x":0.02489366941154003,"y":0.9612499475479126,"z":-0.09256552159786225,"w":0.2585894763469696},"size":3.2865121364593508,"orthographic":false}