{"cameraMode":{"drawMode":0,"name":"Shaded","section":"Shading Mode"},"sceneLighting":true,"audioPlay":false,"sceneViewState":{"showFog":true,"showMaterialUpdate":false,"showSkybox":true,"showFlares":true,"showImageEffects":true,"showParticleSystems":true},"in2DMode":false,"pivot":{"x":-0.17882539331912995,"y":0.8883951306343079,"z":-3.013695001602173},"rotation":{"x":-0.016447165980935098,"y":0.0794055163860321,"z":0.001310318592004478,"w":0.9967063069343567},"size":0.86892169713974,"orthographic":false}