{"cameraMode":{"drawMode":0,"name":"Shaded","section":"Shading Mode"},"sceneLighting":true,"audioPlay":false,"sceneViewState":{"showFog":true,"showMaterialUpdate":false,"showSkybox":true,"showFlares":true,"showImageEffects":true,"showParticleSystems":true},"in2DMode":false,"pivot":{"x":-2.5330846309661867,"y":0.08476722240447998,"z":-5.989382743835449},"rotation":{"x":0.22848594188690186,"y":0.7035638689994812,"z":-0.2588422894477844,"w":0.6211976408958435},"size":1.4689216613769532,"orthographic":false}